0.jpg,2,9,22,18,4,40,22,17,3,69,20,23,3,99,21,17,4,132,20,16
,,,,,,,,,,,,,,,,,,,,
1.jpg,3,7,20,20,2,39,21,16,4,70,20,15,4,100,19,16,3,130,15,14
,,,,,,,,,,,,,,,,,,,,
2.jpg,3,9,21,19,3,39,20,17,4,70,16,16,6,100,17,15,3,129,21,16
,,,,,,,,,,,,,,,,,,,,
3.jpg,5,9,23,15,5,39,22,14,9,68,18,16,4,99,23,15,9,128,18,20
,,,,,,,,,,,,,,,,,,,,
4.jpg,2,10,22,17,4,40,19,18,8,70,16,21,3,99,21,17,8,130,15,18
,,,,,,,,,,,,,,,,,,,,
5.jpg,11,10,13,13,3,40,25,15,4,70,21,19,4,99,19,18,10,130,13,14
,,,,,,,,,,,,,,,,,,,,
6.jpg,1,9,23,18,4,40,24,16,3,69,21,24,3,99,21,17,4,132,20,16
,,,,,,,,,,,,,,,,,,,,
7.jpg,11,9,13,14,4,40,20,19,9,70,14,13,4,100,19,16,8,128,19,18
,,,,,,,,,,,,,,,,,,,,
8.jpg,3,10,22,14,4,39,19,25,10,70,13,14,7,97,12,18,11,130,12,13
,,,,,,,,,,,,,,,,,,,,
9.jpg,10,9,14,17,5,42,19,17,11,69,14,17,3,100,22,20,12,130,14,16
,,,,,,,,,,,,,,,,,,,,
10.jpg,4,10,24,16,3,37,24,18,2,69,22,18,7,99,18,13,4,129,20,19
,,,,,,,,,,,,,,,,,,,,
11.jpg,5,10,19,15,7,39,18,18,4,67,21,21,10,100,14,20,8,130,20,17
,,,,,,,,,,,,,,,,,,,,
12.jpg,6,9,15,14,4,39,20,13,3,69,15,15,3,99,21,15,10,129,12,16
,,,,,,,,,,,,,,,,,,,,
13.jpg,4,9,13,16,4,40,19,18,4,70,20,17,9,99,15,17,9,129,15,16
,,,,,,,,,,,,,,,,,,,,
14.jpg,3,10,15,15,8,39,17,17,9,70,16,14,16,100,12,15,4,130,21,18
,,,,,,,,,,,,,,,,,,,,
15.jpg,4,9,24,15,9,38,19,20,4,69,24,17,9,98,19,30,4,129,23,15
,,,,,,,,,,,,,,,,,,,,
16.jpg,3,10,20,18,3,40,20,16,1,69,15,14,3,100,20,14,3,129,20,19
,,,,,,,,,,,,,,,,,,,,
17.jpg,11,10,12,13,3,40,21,14,4,68,19,14,4,100,20,22,6,129,21,19
,,,,,,,,,,,,,,,,,,,,
19.jpg,5,9,23,15,5,40,21,14,2,68,16,15,4,99,23,16,3,128,25,20
,,,,,,,,,,,,,,,,,,,,
20.jpg,3,8,21,17,13,39,15,20,4,70,16,16,3,98,21,17,3,130,21,16
,,,,,,,,,,,,,,,,,,,,
21.jpg,6,11,21,15,4,40,24,16,7,71,15,12,6,99,21,12,6,130,21,16
,,,,,,,,,,,,,,,,,,,,
22.jpg,4,11,20,17,11,40,13,15,3,71,21,26,4,98,21,18,9,129,19,16
,,,,,,,,,,,,,,,,,,,,
23.jpg,6,10,21,17,10,40,17,26,6,70,15,16,7,100,20,16,6,130,21,16
,,,,,,,,,,,,,,,,,,,,
24.jpg,4,9,20,20,8,38,15,17,7,69,17,16,3,100,20,14,3,130,19,17
,,,,,,,,,,,,,,,,,,,,
25.jpg,8,1,20,25,7,39,18,16,4,70,21,16,3,99,20,13,4,130,19,15
,,,,,,,,,,,,,,,,,,,,
26.jpg,5,10,23,14,5,33,23,20,5,70,14,13,5,99,22,17,9,130,19,18
,,,,,,,,,,,,,,,,,,,,
27.jpg,8,7,15,18,8,39,15,25,4,70,21,15,4,100,20,15,4,129,20,18
,,,,,,,,,,,,,,,,,,,,
28.jpg,4,10,23,16,5,39,23,14,5,68,23,16,5,99,22,15,5,129,22,15
,,,,,,,,,,,,,,,,,,,,
29.jpg,5,9,23,14,5,39,22,15,5,70,23,15,5,99,23,15,5,129,23,15
,,,,,,,,,,,,,,,,,,,,
30.jpg,7,10,18,16,4,37,19,18,4,69,23,16,8,100,15,14,4,130,20,18
,,,,,,,,,,,,,,,,,,,,
31.jpg,3,10,16,15,2,40,21,17,4,70,20,17,3,100,21,16,3,130,21,13
,,,,,,,,,,,,,,,,,,,,
32.jpg,5,10,23,18,7,39,21,20,5,69,23,29,10,99,17,20,7,130,18,18
,,,,,,,,,,,,,,,,,,,,
33.jpg,9,9,19,17,3,40,22,15,10,71,15,15,12,101,12,20,4,131,20,17
,,,,,,,,,,,,,,,,,,,,
34.jpg,9,9,19,14,5,38,23,17,6,70,22,15,1,106,15,22,5,129,22,14
,,,,,,,,,,,,,,,,,,,,
35.jpg,10,9,16,17,10,39,15,22,4,69,22,16,3,97,23,19,8,130,12,15
,,,,,,,,,,,,,,,,,,,,
36.jpg,8,10,20,16,4,40,14,14,8,69,20,20,3,100,22,17,4,129,20,16
,,,,,,,,,,,,,,,,,,,,
37.jpg,12,10,16,18,9,35,15,19,5,69,13,13,4,99,20,16,7,129,16,16
,,,,,,,,,,,,,,,,,,,,
38.jpg,14,8,14,19,15,38,13,22,7,68,21,19,1,94,27,24,8,130,20,18
,,,,,,,,,,,,,,,,,,,,
39.jpg,6,10,21,16,7,42,21,15,6,71,21,13,14,111,14,17,11,131,16,14
,,,,,,,,,,,,,,,,,,,,
40.jpg,5,10,13,13,5,39,23,15,5,69,22,14,4,98,23,30,5,130,12,13
,,,,,,,,,,,,,,,,,,,,
41.jpg,8,10,12,13,3,39,25,16,3,69,20,15,3,96,20,17,3,129,20,16
,,,,,,,,,,,,,,,,,,,,
42.jpg,4,9,20,18,3,40,15,15,4,69,20,19,3,99,14,14,4,129,21,17
,,,,,,,,,,,,,,,,,,,,
43.jpg,5,10,19,16,12,39,14,14,7,70,16,12,5,100,19,16,9,129,17,15
,,,,,,,,,,,,,,,,,,,,
44.jpg,10,10,17,13,7,41,12,15,6,69,22,18,11,100,16,15,6,130,21,16
,,,,,,,,,,,,,,,,,,,,
45.jpg,5,10,17,16,5,40,13,14,7,69,18,13,5,100,20,13,13,130,13,13
,,,,,,,,,,,,,,,,,,,,
46.jpg,9,10,15,18,3,39,23,17,8,69,18,24,6,101,13,12,9,111,19,34
,,,,,,,,,,,,,,,,,,,,
47.jpg,12,9,14,17,8,38,20,20,12,70,12,20,8,99,20,18,8,130,18,18
,,,,,,,,,,,,,,,,,,,,
48.jpg,3,9,20,17,8,40,16,20,4,70,18,18,8,99,17,16,3,130,21,16
,,,,,,,,,,,,,,,,,,,,
49.jpg,3,8,20,19,4,40,20,24,8,70,15,20,8,100,15,16,8,129,14,13
,,,,,,,,,,,,,,,,,,,,
50.jpg,5,9,22,14,4,40,24,12,5,68,23,28,5,98,23,12,5,129,22,14
,,,,,,,,,,,,,,,,,,,,
51.jpg,5,9,15,16,6,39,17,15,5,69,17,12,5,99,20,20,6,131,16,12
,,,,,,,,,,,,,,,,,,,,
52.jpg,7,9,16,13,8,39,15,15,4,69,20,23,4,100,19,17,7,129,20,19
,,,,,,,,,,,,,,,,,,,,
53.jpg,5,9,14,13,2,39,26,13,7,70,20,18,11,99,17,17,7,130,18,18
,,,,,,,,,,,,,,,,,,,,
54.jpg,8,10,16,12,8,40,17,19,3,70,21,14,3,100,20,17,3,128,20,17
,,,,,,,,,,,,,,,,,,,,
55.jpg,4,9,19,15,3,40,20,18,3,70,14,13,8,100,15,14,4,130,20,18
,,,,,,,,,,,,,,,,,,,,
56.jpg,4,9,19,16,2,39,25,19,8,69,16,22,1,99,23,17,4,130,19,18
,,,,,,,,,,,,,,,,,,,,
57.jpg,6,10,19,16,13,40,12,13,6,70,17,22,11,100,15,18,7,130,16,15
,,,,,,,,,,,,,,,,,,,,
58.jpg,7,7,21,12,5,39,22,16,4,69,23,15,5,99,23,16,8,127,19,16
,,,,,,,,,,,,,,,,,,,,
59.jpg,9,8,15,12,4,41,12,14,4,70,21,20,4,100,22,18,4,132,21,16
,,,,,,,,,,,,,,,,,,,,
60.jpg,4,9,21,14,5,40,15,16,10,69,15,16,5,102,20,13,12,130,13,15
,,,,,,,,,,,,,,,,,,,,
61.jpg,11,1,13,23,3,39,25,21,4,70,13,18,4,99,12,17,4,130,17,18
,,,,,,,,,,,,,,,,,,,,
62.jpg,4,9,20,17,4,40,19,23,5,69,20,19,3,99,20,25,5,129,18,12
,,,,,,,,,,,,,,,,,,,,
63.jpg,2,9,21,16,9,40,14,14,3,69,21,19,1,98,27,30,3,129,21,17
,,,,,,,,,,,,,,,,,,,,
64.jpg,10,10,12,13,4,39,23,14,4,69,23,13,5,99,22,16,9,128,18,20
,,,,,,,,,,,,,,,,,,,,
65.jpg,4,10,19,17,7,39,16,16,4,70,20,14,4,99,20,19,4,130,12,13
,,,,,,,,,,,,,,,,,,,,
66.jpg,3,8,25,19,8,39,15,17,7,69,20,28,4,98,20,17,4,129,19,18
,,,,,,,,,,,,,,,,,,,,
67.jpg,4,11,21,19,5,42,22,18,15,70,13,17,9,100,19,15,4,129,21,19
,,,,,,,,,,,,,,,,,,,,
68.jpg,4,9,21,18,4,40,19,17,3,69,22,19,1,99,27,30,4,129,21,19
,,,,,,,,,,,,,,,,,,,,
69.jpg,10,10,13,14,3,40,20,15,11,70,12,13,4,99,20,17,3,129,21,18
,,,,,,,,,,,,,,,,,,,,
70.jpg,11,9,16,13,5,39,22,15,5,68,23,15,6,99,21,14,5,129,22,19
,,,,,,,,,,,,,,,,,,,,
71.jpg,9,10,16,17,10,39,15,23,9,62,17,21,4,101,21,14,5,130,21,17
,,,,,,,,,,,,,,,,,,,,
72.jpg,4,9,24,16,4,40,24,15,5,70,12,14,8,99,19,15,4,130,24,18
,,,,,,,,,,,,,,,,,,,,
73.jpg,10,10,13,14,3,40,21,14,4,70,18,16,4,99,19,14,4,129,20,19
,,,,,,,,,,,,,,,,,,,,
74.jpg,5,9,22,15,8,39,20,15,5,69,22,19,5,99,23,19,9,129,19,19
,,,,,,,,,,,,,,,,,,,,
75.jpg,8,12,16,18,4,40,22,23,4,71,20,15,4,99,20,20,12,131,12,14
,,,,,,,,,,,,,,,,,,,,
77.jpg,5,10,18,18,4,40,19,24,4,70,21,19,3,100,21,17,3,129,21,19
,,,,,,,,,,,,,,,,,,,,
78.jpg,3,7,25,16,15,39,13,21,6,68,22,19,15,100,13,14,8,129,20,17
,,,,,,,,,,,,,,,,,,,,
79.jpg,10,1,15,18,14,39,14,20,9,69,19,16,15,96,13,17,9,130,19,16
,,,,,,,,,,,,,,,,,,,,
80.jpg,3,9,25,23,5,39,23,18,5,69,22,15,5,99,22,14,5,127,23,16
,,,,,,,,,,,,,,,,,,,,
81.jpg,8,9,20,27,13,42,13,12,8,64,20,26,1,99,27,29,8,129,20,19
,,,,,,,,,,,,,,,,,,,,
82.jpg,5,9,23,22,4,40,23,15,5,69,22,15,5,99,19,14,4,130,24,18
,,,,,,,,,,,,,,,,,,,,
83.jpg,7,11,17,21,4,40,21,22,6,72,20,17,11,101,14,15,4,130,20,18
,,,,,,,,,,,,,,,,,,,,
85.jpg,10,9,15,18,5,39,15,15,2,66,23,25,7,99,15,12,11,130,16,18
,,,,,,,,,,,,,,,,,,,,
88.jpg,7,9,17,22,4,40,21,17,10,70,18,15,4,100,17,19,3,130,21,18
,,,,,,,,,,,,,,,,,,,,
89.jpg,5,7,23,25,5,39,23,13,9,68,18,12,9,98,18,30,5,127,22,16
,,,,,,,,,,,,,,,,,,,,
91.jpg,14,9,14,18,10,39,18,17,9,69,17,15,8,99,20,19,8,129,16,15
,,,,,,,,,,,,,,,,,,,,
92.jpg,3,10,20,17,3,40,22,18,4,70,19,17,4,99,19,18,4,130,19,18
,,,,,,,,,,,,,,,,,,,,
93.jpg,8,8,15,16,4,39,20,19,3,69,21,15,2,96,16,18,2,129,22,19
,,,,,,,,,,,,,,,,,,,,
94.jpg,9,10,12,13,8,39,15,15,4,69,16,16,4,99,15,17,4,129,19,19
,,,,,,,,,,,,,,,,,,,,
95.jpg,8,10,15,15,5,40,22,20,6,69,20,17,4,94,23,17,5,129,13,13
,,,,,,,,,,,,,,,,,,,,
96.jpg,10,9,16,13,9,38,19,24,5,66,23,20,5,97,23,16,5,129,22,16
,,,,,,,,,,,,,,,,,,,,
97.jpg,6,10,19,16,16,39,12,19,10,70,16,25,11,100,13,25,11,130,16,15
,,,,,,,,,,,,,,,,,,,,
98.jpg,4,10,20,20,4,42,20,17,9,99,17,17,1,114,14,14,11,131,13,14
,,,,,,,,,,,,,,,,,,,,
99.jpg,13,9,15,14,14,40,12,14,5,68,15,17,10,99,16,16,9,129,16,19
,,,,,,,,,,,,,,,,,,,,
100.jpg,9,9,19,14,5,40,13,14,9,68,18,16,5,99,22,15,4,129,18,15
